<?xml version="1.0" encoding="UTF-8"?>
<project-private xmlns="http://www.netbeans.org/ns/project-private/1">
    <editor-bookmarks xmlns="http://www.netbeans.org/ns/editor-bookmarks/2" lastBookmarkId="0"/>
    <open-files xmlns="http://www.netbeans.org/ns/projectui-open-files/2">
        <group>
            <file>file:/Users/srivaishnaviaekkati/Documents/AED%20LAB%20Codes/FinalProject/src/userinterface/Police/felony/FelonyProcessStatusRequestJPanel.java</file>
            <file>file:/Users/srivaishnaviaekkati/Documents/AED%20LAB%20Codes/FinalProject/src/userinterface/Police/Admin/PoliceManageUserAccountJPanel.java</file>
            <file>file:/Users/srivaishnaviaekkati/Documents/AED%20LAB%20Codes/FinalProject/src/utility/ValidateMail.java</file>
            <file>file:/Users/srivaishnaviaekkati/Documents/AED%20LAB%20Codes/FinalProject/src/userinterface/ResidentialHall/Miscellaneous/MiscellaneousComplaintJPanel.java</file>
            <file>file:/Users/srivaishnaviaekkati/Documents/AED%20LAB%20Codes/FinalProject/src/utility/Mail.java</file>
            <file>file:/Users/srivaishnaviaekkati/Documents/AED%20LAB%20Codes/FinalProject/src/Business/SQL/SQLDatabaseConnection.java</file>
            <file>file:/Users/srivaishnaviaekkati/Documents/AED%20LAB%20Codes/FinalProject/src/Business/Role/Role.java</file>
            <file>file:/Users/srivaishnaviaekkati/Documents/AED%20LAB%20Codes/FinalProject/src/userinterface/Police/Admin/PoliceAdminWorkAreaJPanel.java</file>
            <file>file:/Users/srivaishnaviaekkati/Documents/AED%20LAB%20Codes/FinalProject/src/userinterface/MainJFrame.java</file>
            <file>file:/Users/srivaishnaviaekkati/Documents/AED%20LAB%20Codes/FinalProject/src/Business/DB4OUtil/DB4OUtil.java</file>
            <file>file:/Users/srivaishnaviaekkati/Documents/AED%20LAB%20Codes/FinalProject/src/Business/Role/CanteenRole.java</file>
        </group>
    </open-files>
</project-private>
