<?xml version="1.0" encoding="UTF-8"?>
<project-private xmlns="http://www.netbeans.org/ns/project-private/1">
    <editor-bookmarks xmlns="http://www.netbeans.org/ns/editor-bookmarks/2" lastBookmarkId="0"/>
    <open-files xmlns="http://www.netbeans.org/ns/projectui-open-files/2">
        <group>
            <file>file:/Users/srivaishnaviaekkati/Documents/GitHub/AED_Project_Fall_22/FinalProject/src/userinterface/MainJFrame.java</file>
            <file>file:/Users/srivaishnaviaekkati/Documents/GitHub/AED_Project_Fall_22/FinalProject/src/userinterface/SystemAdminWorkArea/ManageNetworkJPanel.java</file>
            <file>file:/Users/srivaishnaviaekkati/Documents/GitHub/AED_Project_Fall_22/FinalProject/src/Business/DB4OUtil/DB4OUtil.java</file>
            <file>file:/Users/srivaishnaviaekkati/Documents/GitHub/AED_Project_Fall_22/FinalProject/src/userinterface/SignUp/AuthenticationJPanel.java</file>
            <file>file:/Users/srivaishnaviaekkati/Documents/GitHub/AED_Project_Fall_22/FinalProject/src/Business/Organization/AdminOrganization.java</file>
            <file>file:/Users/srivaishnaviaekkati/Documents/GitHub/AED_Project_Fall_22/FinalProject/src/Business/Organization/Organization.java</file>
            <file>file:/Users/srivaishnaviaekkati/Documents/GitHub/AED_Project_Fall_22/FinalProject/src/Business/Role/SystemAdminRole.java</file>
            <file>file:/Users/srivaishnaviaekkati/Documents/GitHub/AED_Project_Fall_22/FinalProject/src/utility/ValidateMail.java</file>
            <file>file:/Users/srivaishnaviaekkati/Documents/GitHub/AED_Project_Fall_22/FinalProject/src/Business/Network/Network.java</file>
            <file>file:/Users/srivaishnaviaekkati/Documents/GitHub/AED_Project_Fall_22/FinalProject/src/Business/Role/Role.java</file>
        </group>
    </open-files>
</project-private>
