<?xml version="1.0" encoding="UTF-8"?>
<project-private xmlns="http://www.netbeans.org/ns/project-private/1">
    <editor-bookmarks xmlns="http://www.netbeans.org/ns/editor-bookmarks/2" lastBookmarkId="0"/>
    <open-files xmlns="http://www.netbeans.org/ns/projectui-open-files/2">
        <group>
            <file>file:/Users/srivaishnaviaekkati/Documents/AED%20Netbeans/FinalProject/src/Business/Enterprise/MaintenanceEnterprise.java</file>
            <file>file:/Users/srivaishnaviaekkati/Documents/AED%20Netbeans/FinalProject/src/Business/WorkQueue/EmergencyRequest.java</file>
            <file>file:/Users/srivaishnaviaekkati/Documents/AED%20Netbeans/FinalProject/src/Business/WorkQueue/StatusRequest.java</file>
            <file>file:/Users/srivaishnaviaekkati/Documents/AED%20Netbeans/FinalProject/src/Business/WorkQueue/StatusQueue.java</file>
            <file>file:/Users/srivaishnaviaekkati/Documents/AED%20Netbeans/FinalProject/src/Business/Enterprise/EnterpriseDirectory.java</file>
            <file>file:/Users/srivaishnaviaekkati/Documents/AED%20Netbeans/FinalProject/src/Business/Enterprise/PoliceEnterprise.java</file>
            <file>file:/Users/srivaishnaviaekkati/Documents/AED%20Netbeans/FinalProject/src/Business/Enterprise/FacilitiesEnterprise.java</file>
        </group>
    </open-files>
</project-private>
